<metadata xml:lang="en">
  <Esri>
    <CreaDate>20110323</CreaDate>
    <CreaTime>13380200</CreaTime>
    <SyncOnce>FALSE</SyncOnce>
    <SyncDate>20090128</SyncDate>
    <SyncTime>16451700</SyncTime>
    <ModDate>20110323</ModDate>
    <ModTime>13380800</ModTime>
    <Sync>FALSE</Sync>
    <MetaID>{6028B73E-368A-4943-8C52-AD1298830963}</MetaID>
  </Esri>
  <idinfo>
    <native Sync="TRUE">Microsoft Windows XP Version 5.1 (Build 2600) Service Pack 3; ESRI ArcCatalog 9.3.1.1850</native>
    <descript>
      <langdata Sync="TRUE">en</langdata>
      <abstract>Detailed interstate highways.</abstract>
      <purpose/>
    </descript>
    <citation>
      <citeinfo>
        <origin>ESRI</origin>
        <pubdate>19960101</pubdate>
        <title Sync="FALSE">USA (Interstate Highways, 1996)</title>
        <ftname Sync="TRUE">US_P2INTERST_1996</ftname>
        <geoform Sync="TRUE">vector digital data</geoform>
        <pubinfo>
          <pubplace>Redlands, CA</pubplace>
          <publish>Environmental Systems Research Institute (ESRI)</publish>
        </pubinfo>
        <onlink>Server=arrowsmith.mit.edu; Service=5150; Database=oracle</onlink>
        <onlink>http://library.mit.edu/item/001467104</onlink>
        <pubdata/>
      </citeinfo>
    </citation>
    <timeperd>
      <current>publication date</current>
      <timeinfo>
        <sngdate>
          <caldate>19960101</caldate>
        </sngdate>
      </timeinfo>
    </timeperd>
    <status>
      <progress>Complete</progress>
      <update>Unknown</update>
    </status>
    <spdom>
      <bounding>
        <westbc Sync="TRUE">-158.092819</westbc>
        <eastbc Sync="TRUE">-65.637451</eastbc>
        <northbc Sync="TRUE">64.862808</northbc>
        <southbc Sync="TRUE">17.980961</southbc>
      </bounding>
      <lboundng>
        <leftbc Sync="TRUE">-158.092819</leftbc>
        <rightbc Sync="TRUE">-65.637451</rightbc>
        <bottombc Sync="TRUE">17.980961</bottombc>
        <topbc Sync="TRUE">64.862808</topbc>
      </lboundng>
    </spdom>
    <keywords>
      <temporal>
        <tempkey>19960101</tempkey>
      </temporal>
	  <theme><themekt>ISO 19115 Topic Category</themekt><themekey>transportation</themekey></theme>
	  <theme><themekt>searchFAST</themekt><themekey urn = "http://id.worldcat.org/fast/1155007">Transportation</themekey></theme>
		<place><placekt>searchFAST</placekt><placekey urn = "http://id.worldcat.org/fast/1204155">United States</placekey></place>
    </keywords>
    <accconst>Restricted Access Online: Access granted to Licensee only. Available only to MIT affiliates.</accconst>
    <natvform Sync="TRUE">SDE Feature Class</natvform>
    <ptcontac>
      <cntinfo>
        <cntorgp>
          <cntorg>GIS Lab, MIT Libraries</cntorg>
          <cntper>GIS Specialist</cntper>
        </cntorgp>
        <cntpos>GIS Specialist</cntpos>
        <cntaddr>
          <addrtype>mailing and physical address</addrtype>
          <city>Cambridge</city>
          <state>MA</state>
          <country>USA</country>
          <address>77 Massachusetts Avenue, Rotch Library, 7-238</address>
          <postal>02139-4307</postal>
        </cntaddr>
        <cntemail>gishelp@mit.edu</cntemail>
        <cntvoice>617-258-5598</cntvoice>
      </cntinfo>
    </ptcontac>
  </idinfo>
  <dataIdInfo>
    <envirDesc Sync="TRUE">Microsoft Windows XP Version 5.1 (Build 2600) Service Pack 3; ESRI ArcCatalog 9.3.1.1850</envirDesc>
    <dataLang>
      <languageCode Sync="TRUE" value="en"/>
    </dataLang>
    <idCitation>
      <resTitle Sync="TRUE">SDE_DATA.US_P2INTERST_1996</resTitle>
      <presForm>
        <PresFormCd Sync="TRUE" value="005"/>
      </presForm>
    </idCitation>
    <spatRpType>
      <SpatRepTypCd Sync="TRUE" value="001"/>
    </spatRpType>
    <dataExt>
      <geoEle>
        <GeoBndBox esriExtentType="native">
          <westBL Sync="TRUE">-158.092819</westBL>
          <eastBL Sync="TRUE">-65.637451</eastBL>
          <northBL Sync="TRUE">64.862808</northBL>
          <southBL Sync="TRUE">17.980961</southBL>
          <exTypeCode Sync="TRUE">1</exTypeCode>
        </GeoBndBox>
      </geoEle>
    </dataExt>
    <geoBox esriExtentType="decdegrees">
      <westBL Sync="TRUE">-158.092819</westBL>
      <eastBL Sync="TRUE">-65.637451</eastBL>
      <northBL Sync="TRUE">64.862808</northBL>
      <southBL Sync="TRUE">17.980961</southBL>
      <exTypeCode Sync="TRUE">1</exTypeCode>
    </geoBox>
  </dataIdInfo>
  <metainfo>
    <langmeta Sync="TRUE">en</langmeta>
    <metstdn Sync="TRUE">FGDC Content Standards for Digital Geospatial Metadata</metstdn>
    <metstdv Sync="TRUE">FGDC-STD-001-1998</metstdv>
    <mettc Sync="TRUE">local time</mettc>
    <metc>
      <cntinfo>
        <cntorgp>
          <cntper>GIS Specialist</cntper>
          <cntorg>GIS Lab, MIT Libraries</cntorg>
        </cntorgp>
        <cntaddr>
          <addrtype>mailing and physical address</addrtype>
          <city>Cambridge</city>
          <state>MA</state>
          <country>USA</country>
          <address>77 Massachusetts Avenue, Rotch Library, 7-238</address>
          <postal>02139-4307</postal>
        </cntaddr>
        <cntpos>GIS Specialist</cntpos>
        <cntemail>gishelp@mit.edu</cntemail>
        <cntvoice>617-258-5598</cntvoice>
      </cntinfo>
    </metc>
    <metd Sync="TRUE">20101207</metd>
    <idinfo>
      <citation>
        <citeinfo>
          <onlink>Server=arrowsmith.mit.edu; Service=5150;</onlink>
        </citeinfo>
      </citation>
    </idinfo>
    <distInfo>
      <distributor>
        <distorTran>
          <onLineSrc>
            <orDesc>
              <linkage>Server=arrowsmith.mit.edu; Service=5150;</linkage>
            </orDesc>
          </onLineSrc>
        </distorTran>
      </distributor>
    </distInfo>
    <metextns>
      <onlink Sync="TRUE">http://www.esri.com/metadata/esriprof80.html</onlink>
      <metprof Sync="TRUE">ESRI Metadata Profile</metprof>
    </metextns>
  </metainfo>
  <mdLang>
    <languageCode Sync="TRUE" value="en"/>
  </mdLang>
  <mdStanName Sync="TRUE">ISO 19115 Geographic Information - Metadata</mdStanName>
  <mdStanVer Sync="TRUE">DIS_ESRI1.0</mdStanVer>
  <mdChar>
    <CharSetCd Sync="TRUE" value="004"/>
  </mdChar>
  <mdHrLv>
    <ScopeCd Sync="TRUE" value="005"/>
  </mdHrLv>
  <mdHrLvName Sync="TRUE">dataset</mdHrLvName>
  <distinfo>
    <distrib>
      <cntinfo>
        <cntorgp>
          <cntorg>GIS Lab, MIT Libraries</cntorg>
          <cntper>GIS Specialist</cntper>
        </cntorgp>
        <cntpos>GIS Specialist</cntpos>
        <cntaddr>
          <addrtype>mailing and physical address</addrtype>
          <address>77 Massachusetts Avenue, Rotch Library, 7-238</address>
          <city>Cambridge</city>
          <state>MA</state>
          <postal>02139-4307</postal>
          <country>USA</country>
        </cntaddr>
        <cntvoice>617-258-5598</cntvoice>
        <cntemail>gishelp@mit.edu</cntemail>
      </cntinfo>
    </distrib>
    <resdesc Sync="TRUE">Downloadable Data</resdesc>
    <stdorder>
      <digform>
        <digtinfo>
          <transize Sync="TRUE">5.087</transize>
          <dssize Sync="TRUE">5.087</dssize>
        </digtinfo>
      </digform>
    </stdorder>
  </distinfo>
  <distInfo>
    <distributor>
      <distorTran>
        <onLineSrc>
          <orDesc Sync="TRUE">002</orDesc>
          <linkage Sync="TRUE">Server=arrowsmith.mit.edu; Service=5150; Database=oracle; User=sde_data; Version=SDE.DEFAULT</linkage>
          <protocol Sync="TRUE">ArcSDE Connection</protocol>
        </onLineSrc>
        <transSize Sync="TRUE">5.087</transSize>
      </distorTran>
      <distorFormat>
        <formatName Sync="TRUE">SDE Feature Class</formatName>
      </distorFormat>
    </distributor>
  </distInfo>
  <spdoinfo>
    <direct Sync="TRUE">Vector</direct>
    <ptvctinf>
      <esriterm Name="SDE_DATA.US_P2INTERST_1996">
        <efeatyp Sync="TRUE">Simple</efeatyp>
        <efeageom Sync="TRUE">Polyline</efeageom>
        <esritopo Sync="TRUE">FALSE</esritopo>
        <efeacnt Sync="TRUE">13812</efeacnt>
        <spindex Sync="TRUE">TRUE</spindex>
        <linrefer Sync="TRUE">FALSE</linrefer>
      </esriterm>
      <sdtsterm Name="SDE_DATA.US_P2INTERST_1996">
        <sdtstype Sync="TRUE">String</sdtstype>
        <ptvctcnt Sync="TRUE">13812</ptvctcnt>
      </sdtsterm>
    </ptvctinf>
  </spdoinfo>
  <spref>
    <horizsys>
      <cordsysn>
        <geogcsn Sync="TRUE">GCS_North_American_1927</geogcsn>
      </cordsysn>
      <geograph>
        <geogunit Sync="TRUE">Decimal degrees</geogunit>
        <latres Sync="TRUE">0.000000</latres>
        <longres Sync="TRUE">0.000000</longres>
      </geograph>
      <geodetic>
        <horizdn Sync="TRUE">North American Datum of 1927</horizdn>
        <ellips Sync="TRUE">Clarke 1866</ellips>
        <semiaxis Sync="TRUE">6378206.400000</semiaxis>
        <denflat Sync="TRUE">294.978698</denflat>
      </geodetic>
    </horizsys>
    <vertdef>
      <altsys>
        <altenc Sync="TRUE">Explicit elevation coordinate included with horizontal coordinates</altenc>
        <altres Sync="TRUE">1.000000</altres>
      </altsys>
    </vertdef>
  </spref>
  <refSysInfo>
    <RefSystem>
      <refSysID>
        <identCode Sync="TRUE">GCS_North_American_1927</identCode>
      </refSysID>
    </RefSystem>
  </refSysInfo>
  <spatRepInfo>
    <VectSpatRep>
      <topLvl>
        <TopoLevCd Sync="TRUE" value="001"/>
      </topLvl>
      <geometObjs Name="SDE_DATA.US_P2INTERST_1996">
        <geoObjTyp>
          <GeoObjTypCd Sync="TRUE" value="001"/>
        </geoObjTyp>
        <geoObjCnt Sync="TRUE">13812</geoObjCnt>
      </geometObjs>
    </VectSpatRep>
  </spatRepInfo>
  <eainfo>
    <detailed Name="SDE_DATA.US_P2INTERST_1996">
      <enttyp>
        <enttypl Sync="TRUE">SDE_DATA.US_P2INTERST_1996</enttypl>
        <enttypt Sync="TRUE">Feature Class</enttypt>
        <enttypc Sync="TRUE">13812</enttypc>
      </enttyp>
      <attr>
        <attrlabl Sync="TRUE">STFIPS</attrlabl>
        <attalias Sync="TRUE">STFIPS</attalias>
        <attrtype Sync="TRUE">SmallInteger</attrtype>
        <attwidth Sync="TRUE">2</attwidth>
        <atprecis Sync="TRUE">2</atprecis>
        <attscale Sync="TRUE">0</attscale>
        <attrdef/>
        <attrdefs/>
      </attr>
      <attr>
        <attrlabl Sync="TRUE">CTFIPS</attrlabl>
        <attalias Sync="TRUE">CTFIPS</attalias>
        <attrtype Sync="TRUE">SmallInteger</attrtype>
        <attwidth Sync="TRUE">2</attwidth>
        <atprecis Sync="TRUE">3</atprecis>
        <attscale Sync="TRUE">0</attscale>
      </attr>
      <attr>
        <attrlabl Sync="TRUE">MILES</attrlabl>
        <attalias Sync="TRUE">MILES</attalias>
        <attrtype Sync="TRUE">Double</attrtype>
        <attwidth Sync="TRUE">8</attwidth>
        <atprecis Sync="TRUE">8</atprecis>
        <attscale Sync="TRUE">2</attscale>
      </attr>
      <attr>
        <attrlabl Sync="TRUE">KILOMETERS</attrlabl>
        <attalias Sync="TRUE">KILOMETERS</attalias>
        <attrtype Sync="TRUE">Double</attrtype>
        <attwidth Sync="TRUE">8</attwidth>
        <atprecis Sync="TRUE">8</atprecis>
        <attscale Sync="TRUE">2</attscale>
      </attr>
      <attr>
        <attrlabl Sync="TRUE">TOLL</attrlabl>
        <attalias Sync="TRUE">TOLL</attalias>
        <attrtype Sync="TRUE">SmallInteger</attrtype>
        <attwidth Sync="TRUE">2</attwidth>
        <atprecis Sync="TRUE">1</atprecis>
        <attscale Sync="TRUE">0</attscale>
      </attr>
      <attr>
        <attrlabl Sync="TRUE">SURFACE</attrlabl>
        <attalias Sync="TRUE">SURFACE</attalias>
        <attrtype Sync="TRUE">SmallInteger</attrtype>
        <attwidth Sync="TRUE">2</attwidth>
        <atprecis Sync="TRUE">1</atprecis>
        <attscale Sync="TRUE">0</attscale>
      </attr>
      <attr>
        <attrlabl Sync="TRUE">LANES</attrlabl>
        <attalias Sync="TRUE">LANES</attalias>
        <attrtype Sync="TRUE">SmallInteger</attrtype>
        <attwidth Sync="TRUE">2</attwidth>
        <atprecis Sync="TRUE">2</atprecis>
        <attscale Sync="TRUE">0</attscale>
      </attr>
      <attr>
        <attrlabl Sync="TRUE">FEAT_CLASS</attrlabl>
        <attalias Sync="TRUE">FEAT_CLASS</attalias>
        <attrtype Sync="TRUE">SmallInteger</attrtype>
        <attwidth Sync="TRUE">2</attwidth>
        <atprecis Sync="TRUE">2</atprecis>
        <attscale Sync="TRUE">0</attscale>
      </attr>
      <attr>
        <attrlabl Sync="TRUE">CLASS</attrlabl>
        <attalias Sync="TRUE">CLASS</attalias>
        <attrtype Sync="TRUE">String</attrtype>
        <attwidth Sync="TRUE">30</attwidth>
        <atprecis Sync="TRUE">0</atprecis>
        <attscale Sync="TRUE">0</attscale>
      </attr>
      <attr>
        <attrlabl Sync="TRUE">SIGN1</attrlabl>
        <attalias Sync="TRUE">SIGN1</attalias>
        <attrtype Sync="TRUE">String</attrtype>
        <attwidth Sync="TRUE">6</attwidth>
        <atprecis Sync="TRUE">0</atprecis>
        <attscale Sync="TRUE">0</attscale>
      </attr>
      <attr>
        <attrlabl Sync="TRUE">SIGN2</attrlabl>
        <attalias Sync="TRUE">SIGN2</attalias>
        <attrtype Sync="TRUE">String</attrtype>
        <attwidth Sync="TRUE">6</attwidth>
        <atprecis Sync="TRUE">0</atprecis>
        <attscale Sync="TRUE">0</attscale>
      </attr>
      <attr>
        <attrlabl Sync="TRUE">SIGN3</attrlabl>
        <attalias Sync="TRUE">SIGN3</attalias>
        <attrtype Sync="TRUE">String</attrtype>
        <attwidth Sync="TRUE">6</attwidth>
        <atprecis Sync="TRUE">0</atprecis>
        <attscale Sync="TRUE">0</attscale>
      </attr>
      <attr>
        <attrlabl Sync="TRUE">DESCRIPT</attrlabl>
        <attalias Sync="TRUE">DESCRIPT</attalias>
        <attrtype Sync="TRUE">String</attrtype>
        <attwidth Sync="TRUE">35</attwidth>
        <atprecis Sync="TRUE">0</atprecis>
        <attscale Sync="TRUE">0</attscale>
      </attr>
      <attr>
        <attrlabl Sync="TRUE">SPEEDLIM</attrlabl>
        <attalias Sync="TRUE">SPEEDLIM</attalias>
        <attrtype Sync="TRUE">Double</attrtype>
        <attwidth Sync="TRUE">8</attwidth>
        <atprecis Sync="TRUE">16</atprecis>
        <attscale Sync="TRUE">0</attscale>
      </attr>
      <attr>
        <attrlabl Sync="TRUE">SECONDS</attrlabl>
        <attalias Sync="TRUE">SECONDS</attalias>
        <attrtype Sync="TRUE">Double</attrtype>
        <attwidth Sync="TRUE">8</attwidth>
        <atprecis Sync="TRUE">18</atprecis>
        <attscale Sync="TRUE">2</attscale>
      </attr>
      <attr>
        <attrlabl Sync="TRUE">GEOMETRY</attrlabl>
        <attalias Sync="TRUE">GEOMETRY</attalias>
        <attrtype Sync="TRUE">Geometry</attrtype>
        <attwidth Sync="TRUE">4</attwidth>
        <atprecis Sync="TRUE">0</atprecis>
        <attscale Sync="TRUE">0</attscale>
      </attr>
      <attr>
        <attrlabl Sync="TRUE">OBJECTID</attrlabl>
        <attalias Sync="TRUE">OBJECTID</attalias>
        <attrtype Sync="TRUE">OID</attrtype>
        <attwidth Sync="TRUE">4</attwidth>
        <atprecis Sync="TRUE">10</atprecis>
        <attscale Sync="TRUE">0</attscale>
        <attrdef Sync="TRUE">Internal feature number.</attrdef>
        <attrdefs Sync="TRUE">ESRI</attrdefs>
        <attrdomv>
          <udom Sync="TRUE">Sequential unique whole numbers that are automatically generated.</udom>
        </attrdomv>
      </attr>
      <attr>
        <attrlabl Sync="TRUE">GEOMETRY.LEN</attrlabl>
        <attalias Sync="TRUE">GEOMETRY.LEN</attalias>
        <attrtype Sync="TRUE">Double</attrtype>
        <attwidth Sync="TRUE">0</attwidth>
        <atprecis Sync="TRUE">0</atprecis>
        <attscale Sync="TRUE">0</attscale>
      </attr>
    </detailed>
  </eainfo>
  <mdDateSt Sync="TRUE">20101207</mdDateSt>
  <dataqual>
    <lineage>
      <procstep>
        <procdesc Sync="TRUE">Metadata imported.</procdesc>
        <srcused Sync="TRUE">T:\workspace\esridata1996\us_p2interst_1996.shp.xml</srcused>
        <date Sync="TRUE">20070816</date>
        <time Sync="TRUE">16193900</time>
      </procstep>
      <procstep>
        <procdesc Sync="TRUE">Metadata imported.</procdesc>
        <srcused Sync="TRUE">O:\workspace\csbarnet\updated_metadata\esri_metadata\us_p2interst_1996.xml</srcused>
        <procdate Sync="TRUE">20090128</procdate>
        <proctime Sync="TRUE">16451100</proctime>
      </procstep>
      <procstep>
        <procdesc Sync="TRUE">Metadata imported.</procdesc>
        <srcused Sync="TRUE">P:\\us_p2interst_1996.xml</srcused>
        <procdate Sync="TRUE">20110323</procdate>
        <proctime Sync="TRUE">13380200</proctime>
      </procstep>
    </lineage>
  </dataqual>
  <distinfo>
    <distliab>Although this data is being distributed by MIT, no warranty expressed or implied is made by the Institute as to the accuracy of the data and related materials. The act of distribution shall not constitute any such warranty, and no responsibility is assumed by the Institute in the use of this data, or related materials.</distliab>
    <distrib>
      <cntinfo>
        <cntorgp>
          <cntorg>GIS Lab, MIT Libraries</cntorg>
        </cntorgp>
        <cntpos>GIS Specialist</cntpos>
        <cntaddr>
          <addrtype>mailing and physical address</addrtype>
          <address>77 Massachusetts Avenue, Rotch Library, 7-238</address>
          <city>Cambridge</city>
          <state>MA</state>
          <postal>02139-4307</postal>
          <country>USA</country>
        </cntaddr>
        <cntvoice>617-258-5598</cntvoice>
        <cntemail>gishelp@mit.edu</cntemail>
      </cntinfo>
    </distrib>
  </distinfo>
</metadata>
